;ctry;fh09;polity09;gini;fparl08;mena;lati;cari;east;sovi;afri;corr0509
0;Afghanistan;6;0;;25,87;0;0;0;0;0;0;-1,550910021
1;Albania;3;9;33;7,14;0;0;0;0;1;0;-0,580512657
2;Algeria;5,5;2;35,3;6,48;1;0;0;0;0;0;-0,43465389
3;American Samoa;;;;;0;0;0;0;0;0;0,442990611
4;Andorra;1;;;25;0;0;0;0;0;0;1,30776669
5;Angola;5,5;-2;58,6;37,27;0;0;0;0;0;0;-1,292684239
6;Antigua and Barbuda;2,5;;;16,67;0;0;1;0;0;0;1,208213919
7;Argentina;2;8;48,8;39,76;0;1;0;0;0;0;-0,420792605
8;Armenia;5;5;30,2;8,4;0;0;0;0;0;0;-0,578210932
9;Aruba;;;;;0;0;1;0;0;0;1,255155646
10;Australia;1;10;35,2;29,65;0;0;0;0;0;0;1,979293042
11;Austria;1;10;29,1;26,64;0;0;0;0;0;0;1,903840928
12;Azerbaijan;5,5;-7;16,8;11,38;0;0;0;0;0;0;-1,026767241
13;Bahamas, The;1;;;25;0;0;1;0;0;0;1,36312198
14;Bahrain;5,5;-7;;13,75;1;0;0;0;0;0;0,368444796
15;Bangladesh;3,5;5;31;6,33;0;0;0;0;0;0;-1,218594654
16;Barbados;1;;;13,73;0;0;1;0;0;0;1,313811522
17;Belarus;6,5;-7;28,8;32,53;0;0;0;0;0;0;-0,76558629
18;Belgium;1;8;33;36,2;0;0;0;0;0;0;1,329839789
19;Belize;1,5;;59,6;11,11;0;0;1;0;0;0;-0,27378462
20;Benin;2;7;38,6;10,84;0;0;0;0;0;1;-0,608027701
21;Bermuda;;;;;0;0;1;0;0;0;1,30776669
22;Bhutan;4,5;3;;13,89;0;0;0;0;0;0;0,754890153
23;Bolivia;3;7;57,2;14,65;0;1;0;0;0;0;-0,585376005
24;Bosnia and Herzegovina;3,5;0;36,3;12,28;0;0;0;0;1;0;-0,289637641
25;Botswana;2,5;8;61;11,11;0;0;0;0;0;1;0,947725045
26;Brazil;2;8;55;9,43;0;1;0;0;0;0;-0,119536146
27;Brunei Darussalam;5,5;;;;0;0;0;1;0;0;0,44270502
28;Bulgaria;2;9;29,2;21,67;0;0;0;0;1;0;-0,0693627
29;Burkina Faso;4;0;39,6;15,32;0;0;0;0;0;1;-0,326493561
30;Burundi;4,5;6;33,3;31,74;0;0;0;0;0;1;-1,095801535
31;Cambodia;5,5;2;44,2;15,76;0;0;0;1;0;0;-1,151233479
32;Cameroon;6;-4;44,6;13,89;0;0;0;0;0;1;-1,000361727
33;Canada;1;10;32,6;24,94;0;0;0;0;0;0;1,942538676
34;Cape Verde;1;;50,4;18,06;0;0;0;0;0;1;0,622508172
35;Cayman Islands;;;;;0;0;1;0;0;0;1,158444139
36;Central African Republic;5;-1;43,6;10,48;0;0;0;0;0;1;-0,994799105
37;Chad;6,5;-2;39,8;5,16;0;0;0;0;0;1;-1,346880282
38;Channel Islands;;;;;0;0;0;0;0;0;
39;Chile;1;10;52;12,66;0;1;0;0;0;0;1,370524156
40;China;6,5;-7;41,5;21,33;0;0;0;1;0;0;-0,568752346
41;Colombia;3,5;7;58,5;9,7;0;1;0;0;0;0;-0,187605202
42;Comoros;3,5;9;64,3;3,03;0;0;0;0;0;1;-0,70913643
43;Congo, Dem. Rep.;6;5;44,4;7,73;0;0;0;0;0;1;-1,428073695
44;Congo, Rep.;5,5;-4;47,3;9,18;0;0;0;0;0;1;-1,113117834
45;Costa Rica;1;10;48,9;36,84;0;1;0;0;0;0;0,483972845
46;"Cote d&apos;Ivoire";5,5;0;48,4;8,87;0;0;0;0;0;1;-1,198933365
47;Croatia;1,5;9;29;20,92;0;0;0;0;1;0;0,120586549
48;Cuba;6,5;-7;;43,16;0;1;0;0;0;0;0,128067683
49;Cyprus;1;10;;14,29;0;0;0;0;0;0;1,035318334
50;Czech Republic;1;8;25,8;16,01;0;0;0;0;1;0;0,422967221
51;Denmark;1;10;24,7;37,99;0;0;0;0;0;0;2,378323998
52;Djibouti;5;2;39,9;13,85;0;0;0;0;0;1;-0,441196554
53;Dominica;1;;;18,75;0;0;1;0;0;0;0,714093985
54;Dominican Republic;2;8;48,4;17,14;0;1;0;0;0;0;-0,618924194
55;Ecuador;3;5;54,4;25;0;1;0;0;0;0;-0,866716417
56;Egypt, Arab Rep.;5,5;-3;32,1;3,68;1;0;0;0;0;0;-0,579147171
57;El Salvador;2,5;8;46,9;16,67;0;1;0;0;0;0;-0,288100009
58;Equatorial Guinea;7;-5;;6;0;0;0;0;0;1;-1,606631867
59;Eritrea;7;-7;;22;0;0;0;0;0;1;-0,252516232
60;Estonia;1;9;36;20,79;0;0;0;0;0;0;0,975601677
61;Ethiopia;5;1;29,8;21,37;0;0;0;0;0;1;-0,680256552
62;Faeroe Islands;;;;;0;0;0;0;0;0;
63;Fiji;5;-4;;;0;0;0;0;0;0;-0,504978727
64;Finland;1;10;26,9;41,5;0;0;0;0;0;0;2,335072153
65;France;1;9;32,7;19,57;0;0;0;0;0;0;1,416472656
66;French Polynesia;;;;;0;0;0;0;0;0;
67;Gabon;5,5;3;41,5;16,11;0;0;0;0;0;1;-0,856972968
68;Gambia, The;5;-5;47,3;9,43;0;0;0;0;0;1;-0,691870837
69;Georgia;4;6;40,8;6;0;0;0;0;0;0;-0,20042119
70;Germany;1;10;28,3;31,13;0;0;0;0;0;0;1,745019936
71;Ghana;1,5;8;42,8;7,89;0;0;0;0;0;1;-0,031224382
72;Gibraltar;;;;;0;0;0;0;0;0;
73;Greece;1,5;10;34,3;14,67;0;0;0;0;0;0;0,29769662
74;Greenland;;;;;0;0;0;0;0;0;1,160199962
75;Grenada;1,5;;;21,43;0;0;1;0;0;0;0,49454978
76;Guam;;;;;0;0;0;0;0;0;0,827849712
77;Guatemala;4;8;53,7;12,03;0;1;0;0;0;0;-0,681573865
78;Guinea;6,5;-1;43,3;;0;0;0;0;0;1;-1,165716118
79;Guinea-Bissau;4;6;35,5;10;0;0;0;0;0;1;-1,09653896
80;Guyana;2,5;6;43,2;30;0;0;1;0;0;0;-0,581312736
81;Haiti;4,5;5;59,5;5,17;0;1;0;0;0;0;-1,336122281
82;Honduras;4;7;55,3;23,44;0;1;0;0;0;0;-0,792215304
83;Hong Kong SAR, China;;;43,4;;0;0;0;1;0;0;1,871393354
84;Hungary;1;10;30;11,14;0;0;0;0;1;0;0,575809065
85;Iceland;1;;;33,33;0;0;0;0;0;0;2,209997979
86;India;2,5;9;36,8;9,18;0;0;0;0;0;0;-0,336544078
87;Indonesia;2,5;8;37,6;11,64;0;0;0;1;0;0;-0,70451916
88;Iran, Islamic Rep.;6;-7;38,3;2,8;1;0;0;0;0;0;-0,600917259
89;Iraq;5,5;0;38,3;25,45;1;0;0;0;0;0;-1,462697217
90;Ireland;1;10;34,3;15,49;0;0;0;0;0;0;1,689074613
91;Isle of Man;;;;;0;0;0;0;0;0;
92;Israel;1,5;10;39,2;14,17;1;0;0;0;0;0;0,885728613
93;Italy;1,5;10;36;20,17;0;0;0;0;0;0;0,238881472
94;Jamaica;2,5;9;45,5;13,58;0;0;1;0;0;0;-0,406013046
95;Japan;1,5;10;24,9;12,33;0;0;0;0;0;0;1,289553406
96;Jordan;5,5;-3;37,7;8,48;1;0;0;0;0;0;0,349111855
97;Kazakhstan;5,5;-6;30,9;12,34;0;0;0;0;0;0;-0,93765319
98;Kenya;4;7;47,7;9,82;0;0;0;0;0;1;-0,987641034
99;Kiribati;1;;;4,35;0;0;0;0;0;0;0,087553848
100;Korea, Dem. Rep.;7;-9;;20,09;0;0;0;1;0;0;-1,563176164
101;Korea, Rep.;1,5;8;31,6;13,71;0;0;0;1;0;0;0,532592111
102;Kosovo;4,5;;;;0;0;0;0;1;0;-0,64186904
103;Kuwait;4;-7;;3,08;1;0;0;0;0;0;0,628466282
104;Kyrgyz Republic;5,5;1;33,5;25,56;0;0;0;0;0;0;-1,174855448
105;Lao PDR;6,5;-7;32,6;25,22;0;0;0;1;0;0;-1,20605454
106;Latvia;1,5;8;36,3;20;0;0;0;0;0;0;0,335019286
107;Lebanon;4;7;;4,69;1;0;0;0;0;0;-0,803180297
108;Lesotho;3;8;52,5;25,83;0;0;0;0;0;1;-0,02865103
109;Liberia;3,5;6;52,6;13,83;0;0;0;0;0;1;-0,715497298
110;Libya;7;-7;;7,69;1;0;0;0;0;0;-0,904755724
111;Liechtenstein;1;;;24;0;0;0;0;0;0;1,300758973
112;Lithuania;1;10;35,8;17,73;0;0;0;0;0;0;0,197262021
113;Luxembourg;1;;;23,33;0;0;0;0;0;0;1,888349225
114;Macao SAR, China;;;;;0;0;0;1;0;0;0,341979483
115;Macedonia, FYR;3;9;42,8;31,67;0;0;0;0;1;0;-0,224905719
116;Madagascar;5;0;47,2;9,38;0;0;0;0;0;1;-0,142269242
117;Malawi;3,5;6;39;12,95;0;0;0;0;0;1;-0,628449771
118;Malaysia;4;6;37,9;14,59;0;0;0;1;0;0;0,248531499
119;Maldives;3,5;;37,4;12;0;0;0;0;0;0;-0,632013197
120;Mali;2,5;7;39;10,2;0;0;0;0;0;1;-0,469028823
121;Malta;1;;;8,7;0;0;0;0;0;0;0,970310606
122;Marshall Islands;1;;;3,03;0;0;0;0;0;0;-0,489121998
123;Mauritania;5,5;-2;39;19,87;0;0;0;0;0;1;-0,537831259
124;Mauritius;1,5;10;;17,1;0;0;0;0;0;1;0,525747144
125;Mayotte;;;;;0;0;0;0;0;1;
126;Mexico;2,5;8;51,6;22,13;0;1;0;0;0;0;-0,245729212
127;Micronesia, Fed. Sts.;1;;;0;0;0;0;0;0;0;-0,310219535
128;Moldova;3,5;8;37,4;21,78;0;0;0;0;0;0;-0,650764156
129;Monaco;1,5;;;25;0;0;0;0;0;0;
130;Mongolia;2;10;36,6;4,17;0;0;0;1;0;0;-0,618422636
131;Montenegro;2,5;;36,9;11,11;0;0;0;0;1;0;-0,330958922
132;Morocco;4,5;-6;40,9;6,22;1;0;0;0;0;0;-0,257721825
133;Mozambique;3,5;5;47,1;34,8;0;0;0;0;0;1;-0,524405398
134;Myanmar;7;-6;;;0;0;0;1;0;0;-1,686324705
135;Namibia;2;6;74,3;26,92;0;0;0;0;0;1;0,284012119
136;Nepal;4;6;47,3;33,16;0;0;0;0;0;0;-0,762604422
137;Netherlands;1;10;30,9;39,11;0;0;0;0;0;0;2,061413695
138;Netherlands Antilles;;;;;0;0;1;0;0;0;1,210931981
139;New Caledonia;;;;;0;0;0;0;0;0;-1,030281528
140;New Zealand;1;10;36,2;33,61;0;0;0;0;0;0;2,278718833
141;Nicaragua;4;9;52,3;18,48;0;1;0;0;0;0;-0,747011013
142;Niger;4,5;-3;43,9;12,39;0;0;0;0;0;1;-0,786162567
143;Nigeria;4,5;4;42,9;7,28;0;0;0;0;0;1;-1,059798907
144;Northern Mariana Islands;;;;;0;0;0;0;0;0;
145;Norway;1;10;25,8;36,09;0;0;0;0;0;0;1,946724937
146;Oman;5,5;-8;;9,09;1;0;0;0;0;0;0,473768772
147;Pakistan;4,5;5;31,2;21,23;0;0;0;0;0;0;-0,884608798
148;Palau;1;;;6,9;0;0;0;0;0;0;-0,362581474
149;Panama;1,5;9;54,9;16,67;0;1;0;0;0;0;-0,311231456
150;Papua New Guinea;3,5;4;50,9;0,92;0;0;0;0;0;0;-1,324521311
151;Paraguay;3;8;53,2;13,6;0;1;0;0;0;0;-1,190400844
152;Peru;2,5;9;50,5;29,17;0;1;0;0;0;0;-0,310562361
153;Philippines;3,5;8;44;20,23;0;0;0;1;0;0;-0,663144559
154;Poland;1;10;34,9;18,04;0;0;0;0;1;0;0,350847436
155;Portugal;1;10;38,5;28,26;0;0;0;0;0;0;1,036326387
156;Puerto Rico;;;;;0;0;0;0;0;0;0,669987083
157;Qatar;5,5;-10;41,1;0;1;0;0;0;0;0;1,148953761
158;Romania;2;9;32,1;9,77;0;0;0;0;1;0;-0,101114463
159;Russian Federation;5,5;4;43,7;11,47;0;0;0;0;0;0;-0,917828992
160;Rwanda;5,5;-3;46,7;50,94;0;0;0;0;0;1;-0,164223
161;Samoa;2;;;8,16;0;0;0;0;0;0;0,164414585
162;San Marino;1;;;15;0;0;0;0;0;0;
163;Sao Tome and Principe;2;;50,6;7,27;0;0;0;0;0;1;-0,551727247
164;Saudi Arabia;6,5;-10;;0;1;0;0;0;0;0;-0,025977101
165;Senegal;3;7;39,2;29,2;0;0;0;0;0;1;-0,366590317
166;Serbia;2;;28,2;21,6;0;0;0;0;1;0;-0,283202179
167;Seychelles;3;;;23,53;0;0;0;0;0;1;0,212414378
168;Sierra Leone;3;7;42,5;13,22;0;0;0;0;0;1;-1,067660586
169;Singapore;4,5;-2;42,5;24,47;0;0;0;1;0;0;2,198528161
170;Slovak Republic;1;10;25,8;19,33;0;0;0;0;1;0;0,435218744
171;Slovenia;1;10;31,2;10;0;0;0;0;1;0;1,010599839
172;Solomon Islands;3,5;8;;0;0;0;0;0;0;0;-0,325139434
173;Somalia;7;0;;8,2;0;0;0;0;0;1;-1,813052343
174;South Africa;2;9;57,8;33,92;0;0;0;0;0;1;0,33295983
175;Spain;1;10;34,7;33,61;0;0;0;0;0;0;1,101790267
176;Sri Lanka;4;6;41,1;5,78;0;0;0;0;0;0;-0,193983917
177;St. Kitts and Nevis;1;;;6,67;0;0;1;0;0;0;1,039230437
178;St. Lucia;1;;;17,24;0;0;1;0;0;0;1,193857435
179;St. Vincent and the Grenadines;1,5;;;18,18;0;0;1;0;0;0;1,039230437
180;Sudan;7;-4;;16,84;0;0;0;0;0;1;-1,324605224
181;Suriname;2;;52,8;25,49;0;0;1;0;0;0;-0,089502567
182;Swaziland;6;-9;50,7;22,11;0;0;0;0;0;1;-0,310528371
183;Sweden;1;10;25;46,99;0;0;0;0;0;0;2,147107678
184;Switzerland;1;10;33,7;27,24;0;0;0;0;0;0;2,058660701
185;Syrian Arab Republic;6,5;-7;;12,4;1;0;0;0;0;0;-0,92537736
186;Tajikistan;5,5;-3;33,6;19,59;0;0;0;0;0;0;-1,006135138
187;Tanzania;3,5;-1;34,6;30,41;0;0;0;0;0;1;-0,439213089
188;Thailand;4,5;4;42,5;12,7;0;0;0;1;0;0;-0,225074311
189;Timor-Leste;;7;31,9;29,23;0;0;0;1;0;0;-0,896604589
190;Togo;4,5;-4;34,4;11,11;0;0;0;0;0;1;-0,996482464
191;Tonga;4;;;3,13;0;0;0;0;0;0;-0,992693176
192;Trinidad and Tobago;2;10;40,3;33,33;0;0;1;0;0;0;-0,108312324
193;Tunisia;6;-4;40,8;19,93;1;0;0;0;0;0;0,005450608
194;Turkey;3;7;41,2;9,11;1;0;0;0;0;0;0,074355787
195;Turkmenistan;7;-9;40,8;;0;0;0;0;0;0;-1,435038659
196;Turks and Caicos Islands;;;;;0;0;1;0;0;0;
197;Tuvalu;1;;;0;0;0;0;0;0;0;-0,149392563
198;Uganda;4,5;-1;42,6;30,72;0;0;0;0;0;1;-0,819750555
199;Ukraine;2,5;7;27,6;8,22;0;0;0;0;0;0;-0,722976016
200;United Arab Emirates;5,5;-8;;22,5;1;0;0;0;0;0;1,024446085
201;United Kingdom;1;10;36;19,61;0;0;0;0;0;0;1,714136844
202;United States;1;10;40,8;17,01;0;0;0;0;0;0;1,338106033
203;Uruguay;1;10;47,1;12,31;0;1;0;0;0;0;1,112514148
204;Uzbekistan;7;-9;36,7;16,36;0;0;0;0;0;0;-1,071778912
205;Vanuatu;2;;;3,85;0;0;0;0;0;0;0,345598699
206;Venezuela, RB;4,5;-3;43,4;18,56;0;1;0;0;0;0;-1,061679517
207;Vietnam;6;-7;37,8;25,76;0;0;0;1;0;0;-0,656128386
208;Virgin Islands (U.S.);;;;;0;0;0;0;0;0;0,827849712
209;West Bank and Gaza;;;;;0;0;0;0;0;0;-0,908450896
210;Yemen, Rep.;5,5;-2;37,7;0,73;1;0;0;0;0;0;-0,80883978
211;Zambia;3,5;7;50,7;15,19;0;0;0;0;0;1;-0,601142209
212;Zimbabwe;6;1;50,1;18,15;0;0;0;0;0;1;-1,382120887
